scenario,model,mean_coef,mean_true_att,mean_bias,rmse,coverage_rate,mean_se,n_iters,n_units,preset
1,DML-Chang,0.1183612301276081,0.1176594831503627,0.0007017469772453,0.1665889472788058,0.9845,0.2070272072065489,2000.0,500,light
1,TWFE,0.1171136224740624,0.1176594831503627,-0.0005458606763003,0.136187588216797,0.999,0.2459251464930759,2000.0,500,light
2,DML-Chang,0.0256331786552569,0.078651847176144,-0.0530186685208871,0.3066708415460044,0.974,0.3376809124624438,2000.0,500,light
2,TWFE,0.0734215448281073,0.078651847176144,-0.0052303023480366,0.1475252531020103,0.9995,0.2622650651069279,2000.0,500,light
3,DML-Multi,-0.0449710837962702,-0.0503851695054269,0.0054140857091566,0.1325461650990966,1.0,,2000.0,500,light
3,TWFE,0.1047187606130573,-0.0503851695054269,0.1551039301184843,0.3300447835040747,0.6257132857732226,0.1514884353864095,2000.0,500,light
4,DML-Chang,0.0998517053301675,0.1060555468568296,-0.0062038415266621,0.190905909454052,0.975,0.2178236709376449,2000.0,500,light
4,TWFE,0.2734082746731929,0.1060555468568296,0.1673527278163633,0.2189386581655113,0.9825,0.2311638445511725,2000.0,500,light
5,DML-Chang,0.0562303645061689,0.1238746356755933,-0.0676442711694243,0.3440300608327915,0.9725,0.3676755517041311,2000.0,500,light
5,TWFE,0.2632830798215799,0.1238746356755933,0.1394084441459866,0.2125530420250013,0.9905,0.2635171843682243,2000.0,500,light
6,DML-Multi,-0.112801215873112,-0.1250568629227263,0.0122556470496143,0.1433173981897491,0.9995066140234588,,2000.0,500,light
6,TWFE,0.1548012404798875,-0.1250568629227263,0.2798581034026138,0.373020425131376,0.4324608778350961,0.1288839991994589,2000.0,500,light
7,DML-Chang,-0.9573114933042458,-0.922223943197674,-0.0350875501065719,0.3545941744646887,0.9555,0.3322491043927896,2000.0,500,light
7,TWFE,-0.7590082786649032,-0.922223943197674,0.1632156645327707,0.2399890915465971,0.976,0.2681991405506626,2000.0,500,light
8,DML-Chang,-0.3022129394910866,-0.5723211915451745,0.2701082520540879,0.5010878120599592,0.881,0.43379836265738,2000.0,500,light
8,TWFE,-0.4574014447653991,-0.5723211915451745,0.1149197467797753,0.2301947037105442,0.991,0.2969043433749198,2000.0,500,light
9,DML-Multi,-1.1743680023020766,-1.1952121301079364,0.0208441278058603,0.1933639272895856,0.9985197059224146,,2000.0,500,light
9,TWFE,-0.6434312940354748,-1.1952121301079364,0.5517808360724618,0.5958424891252864,0.1052314605830895,0.1357984427914396,2000.0,500,light
10,DML-Chang,0.0440573249996627,0.0399087561024491,0.0041485688972136,0.2964551823796363,0.9785,0.3366323637409671,2000.0,500,light
10,TWFE,0.0395080201486072,0.0399087561024491,-0.0004007359538419,0.1466775915285263,0.9905,0.1884944000020908,2000.0,500,light
11,DML-Chang,0.0599489694308858,0.0514819602080599,0.0084670092228259,0.3328172280342195,0.9755,0.3690007553955521,2000.0,500,light
11,TWFE,0.1941576172704222,0.0514819602080599,0.1426756570623622,0.2102786845887154,0.9355,0.1953845476492851,2000.0,500,light
12,DML-Chang,-0.3026197768764939,-0.6247205015109475,0.3221007246344536,0.5459695901048877,0.8555,0.4429241419705038,2000.0,500,light
12,TWFE,-0.5070082993075666,-0.6247205015109475,0.1177122022033809,0.2334674847709252,0.948,0.2363806029435987,2000.0,500,light
1,DML-Chang,0.123285767946935,0.1176594831503627,0.0056262847965722,0.2624773253581721,0.9865,0.3014426249531068,2000.0,500,default
1,TWFE,0.1171136224740624,0.1176594831503627,-0.0005458606763003,0.136187588216797,0.999,0.2459251464930759,2000.0,500,default
2,DML-Chang,0.0017249676633085,0.078651847176144,-0.0769268795128355,0.5926023347223104,0.987,0.6727218288535718,2000.0,500,default
2,TWFE,0.0734215448281073,0.078651847176144,-0.0052303023480366,0.1475252531020103,0.9995,0.2622650651069279,2000.0,500,default
3,DML-Multi,-0.0457463945477702,-0.0503851695054269,0.0046387749576566,0.153645957045832,1.0,,2000.0,500,default
3,TWFE,0.1047187606130573,-0.0503851695054269,0.1551039301184843,0.3300447835040747,0.6257132857732226,0.1514884353864095,2000.0,500,default
4,DML-Chang,0.0767226653649602,0.1060555468568296,-0.0293328814918694,0.3652879097413969,0.9825,0.3940528622037645,2000.0,500,default
4,TWFE,0.2734082746731929,0.1060555468568296,0.1673527278163633,0.2189386581655113,0.9825,0.2311638445511725,2000.0,500,default
5,DML-Chang,0.0355611070478011,0.1238746356755933,-0.0883135286277921,0.6188448592665919,0.988,0.7197908230899748,2000.0,500,default
5,TWFE,0.2632830798215799,0.1238746356755933,0.1394084441459866,0.2125530420250013,0.9905,0.2635171843682243,2000.0,500,default
6,DML-Multi,-0.1167441451682945,-0.1250568629227263,0.0083127177544317,0.1715631011950592,1.0,,2000.0,500,default
6,TWFE,0.1548012404798875,-0.1250568629227263,0.2798581034026138,0.373020425131376,0.4324608778350961,0.1288839991994589,2000.0,500,default
7,DML-Chang,-1.0824271169529311,-0.922223943197674,-0.1602031737552572,0.6612894871387799,0.981,0.6637187309963622,2000.0,500,default
7,TWFE,-0.7590082786649032,-0.922223943197674,0.1632156645327707,0.2399890915465971,0.976,0.2681991405506626,2000.0,500,default
8,DML-Chang,-0.3369632344876286,-0.5723211915451745,0.2353579570575458,0.7411562828965976,0.9665,0.805589902039933,2000.0,500,default
8,TWFE,-0.4574014447653991,-0.5723211915451745,0.1149197467797753,0.2301947037105442,0.991,0.2969043433749198,2000.0,500,default
9,DML-Multi,-1.173753571876175,-1.1952121301079364,0.0214585582317621,0.2415570088121116,0.9965069562564656,,2000.0,500,default
9,TWFE,-0.6434312940354748,-1.1952121301079364,0.5517808360724618,0.5958424891252864,0.1052314605830895,0.1357984427914396,2000.0,500,default
10,DML-Chang,0.0500053012147713,0.0399087561024491,0.0100965451123221,0.5683320595064398,0.99,0.6706066577052704,2000.0,500,default
10,TWFE,0.0395080201486072,0.0399087561024491,-0.0004007359538419,0.1466775915285263,0.9905,0.1884944000020908,2000.0,500,default
11,DML-Chang,0.0495805591911112,0.0514819602080599,-0.0019014010169487,0.6355606544126505,0.9885,0.7226157046905292,2000.0,500,default
11,TWFE,0.1941576172704222,0.0514819602080599,0.1426756570623622,0.2102786845887154,0.9355,0.1953845476492851,2000.0,500,default
12,DML-Chang,-0.31550567173769,-0.6247205015109475,0.3092148297732575,0.7893753498485875,0.956,0.8082545688452047,2000.0,500,default
12,TWFE,-0.5070082993075666,-0.6247205015109475,0.1177122022033809,0.2334674847709252,0.948,0.2363806029435987,2000.0,500,default
1,DML-Chang,0.1252371421350592,0.1176594831503627,0.0075776589846964,0.8761492558740089,0.977,0.8816976708587565,2000.0,500,heavy
1,TWFE,0.1171136224740624,0.1176594831503627,-0.0005458606763003,0.136187588216797,0.999,0.2459251464930759,2000.0,500,heavy
2,DML-Chang,-0.0070025939233455,0.078651847176144,-0.0856544410994896,1.1529847780575029,0.9915,1.5147755723394594,2000.0,500,heavy
2,TWFE,0.0734215448281073,0.078651847176144,-0.0052303023480366,0.1475252531020103,0.9995,0.2622650651069279,2000.0,500,heavy
3,DML-Multi,-0.0437901849604969,-0.0503851695054269,0.00659498454493,0.2076009900172147,0.9995005261279302,,2000.0,500,heavy
3,TWFE,0.1047187606130573,-0.0503851695054269,0.1551039301184843,0.3300447835040747,0.6257132857732226,0.1514884353864095,2000.0,500,heavy
4,DML-Chang,-0.009166045565091,0.1060555468568296,-0.1152215924219207,1.001492863772667,0.978,1.1181840409405095,2000.0,500,heavy
4,TWFE,0.2734082746731929,0.1060555468568296,0.1673527278163633,0.2189386581655113,0.9825,0.2311638445511725,2000.0,500,heavy
5,DML-Chang,0.0083228934105601,0.1238746356755933,-0.1155517422650331,1.142079445566048,0.991,1.5195135916674325,2000.0,500,heavy
5,TWFE,0.2632830798215799,0.1238746356755933,0.1394084441459866,0.2125530420250013,0.9905,0.2635171843682243,2000.0,500,heavy
6,DML-Multi,-0.1191540282248054,-0.1250568629227263,0.0059028346979208,0.2187470611959562,0.998506008818698,,2000.0,500,heavy
6,TWFE,0.1548012404798875,-0.1250568629227263,0.2798581034026138,0.373020425131376,0.4324608778350961,0.1288839991994589,2000.0,500,heavy
7,DML-Chang,-1.2166068796301177,-0.922223943197674,-0.2943829364324438,1.3715242261025151,0.981,1.4842449934039537,2000.0,500,heavy
7,TWFE,-0.7590082786649032,-0.922223943197674,0.1632156645327707,0.2399890915465971,0.976,0.2681991405506626,2000.0,500,heavy
8,DML-Chang,-0.3044560540104424,-0.5723211915451745,0.267865137534732,1.1662394523649595,0.9915,1.5386643137147646,2000.0,500,heavy
8,TWFE,-0.4574014447653991,-0.5723211915451745,0.1149197467797753,0.2301947037105442,0.991,0.2969043433749198,2000.0,500,heavy
9,DML-Multi,-1.1369846832737491,-1.1952121301079364,0.0582274468341872,0.2847096013534174,0.9905249922045348,,2000.0,500,heavy
9,TWFE,-0.6434312940354748,-1.1952121301079364,0.5517808360724618,0.5958424891252864,0.1052314605830895,0.1357984427914396,2000.0,500,heavy
10,DML-Chang,-0.0001021412806316,0.0399087561024491,-0.0400108973830807,1.1482310287754738,0.9955,1.515579549296069,2000.0,500,heavy
10,TWFE,0.0395080201486072,0.0399087561024491,-0.0004007359538419,0.1466775915285263,0.9905,0.1884944000020908,2000.0,500,heavy
11,DML-Chang,0.0530331481882055,0.0514819602080599,0.0015511879801455,1.2073979429911028,0.9885,1.5230168474833583,2000.0,500,heavy
11,TWFE,0.1941576172704222,0.0514819602080599,0.1426756570623622,0.2102786845887154,0.9355,0.1953845476492851,2000.0,500,heavy
12,DML-Chang,-0.271583691653411,-0.6247205015109475,0.3531368098575365,1.188942871227788,0.989,1.5450351031623952,2000.0,500,heavy
12,TWFE,-0.5070082993075666,-0.6247205015109475,0.1177122022033809,0.2334674847709252,0.948,0.2363806029435987,2000.0,500,heavy
1,DML-Chang,0.117037221757638,0.1168368296991077,0.0002003920585302,0.0659560506004003,0.9825,0.0816899148046989,2000.0,2500,light
1,TWFE,0.1181434069826056,0.1168368296991077,0.0013065772834978,0.0613846543931839,0.999,0.1098153082535643,2000.0,2500,light
2,DML-Chang,0.0440624582921832,0.0811124767342953,-0.037050018442112,0.1093200504669228,0.948,0.1069387458031441,2000.0,2500,light
2,TWFE,0.083534405628258,0.0811124767342953,0.0024219288939627,0.0640285410954263,1.0,0.1174301020283402,2000.0,2500,light
3,DML-Multi,-0.0502436005319627,-0.0522472454172156,0.0020036448852529,0.0526486117360752,1.0,,2000.0,2500,light
3,TWFE,0.102011674326743,-0.0522472454172156,0.1542589197439586,0.1998472719191695,0.4303286010524298,0.0677565541876856,2000.0,2500,light
4,DML-Chang,0.1085735312296067,0.1066606847340585,0.0019128464955482,0.0763186926797248,0.9595,0.0781567767636941,2000.0,2500,light
4,TWFE,0.278906252057006,0.1066606847340585,0.1722455673229475,0.1839446719063687,0.6835,0.10332014090794,2000.0,2500,light
5,DML-Chang,0.0646585691084293,0.1244184460356652,-0.0597598769272358,0.1252410595750952,0.926,0.1138587646176833,2000.0,2500,light
5,TWFE,0.2629897302805411,0.1244184460356652,0.1385712842448758,0.1553975486977173,0.9075,0.1179253567123267,2000.0,2500,light
6,DML-Multi,-0.1144347625591544,-0.1206418935549265,0.006207130995772,0.0588071109952361,1.0,,2000.0,2500,light
6,TWFE,0.151408074810468,-0.1206418935549265,0.2720499683653947,0.2925989533446668,0.0724574833225439,0.0576681037726528,2000.0,2500,light
7,DML-Chang,-0.91301101096679,-0.9245457847171352,0.0115347737503451,0.1196529731204171,0.924,0.1080872296329402,2000.0,2500,light
7,TWFE,-0.7604656759591284,-0.9245457847171352,0.1640801087580068,0.1810914809595459,0.8135,0.1199066060602092,2000.0,2500,light
8,DML-Chang,-0.2809000145066996,-0.5717970653400581,0.2908970508333585,0.3267661579611162,0.442,0.1393892597495026,2000.0,2500,light
8,TWFE,-0.4605827917091125,-0.5717970653400581,0.1112142736309457,0.144685093717067,0.946,0.1334357807663498,2000.0,2500,light
9,DML-Multi,-1.2002573737372015,-1.1892236223787425,-0.0110337513584595,0.08006914235481,0.9984975828919008,,2000.0,2500,light
9,TWFE,-0.6434786247215347,-1.1892236223787425,0.5457449976572076,0.5546813259818271,0.0,0.0608101198481035,2000.0,2500,light
10,DML-Chang,0.0415092448310369,0.0382032125974066,0.0033060322336302,0.0912923553097475,0.9805,0.1066386864140796,2000.0,2500,light
10,TWFE,0.0401982106201768,0.0382032125974066,0.0019949980227701,0.0642885117787341,0.9885,0.0843790439375407,2000.0,2500,light
11,DML-Chang,0.0592663556078142,0.0486510687062427,0.0106152869015714,0.1071347127143734,0.959,0.1139495562063478,2000.0,2500,light
11,TWFE,0.1884593356143925,0.0486510687062427,0.1398082669081497,0.1571837783525854,0.674,0.087509352776164,2000.0,2500,light
12,DML-Chang,-0.2850375248930817,-0.6267301744578754,0.3416926495647937,0.3707239291448546,0.324,0.1403214131301382,2000.0,2500,light
12,TWFE,-0.5129330455491995,-0.6267301744578754,0.1137971289086759,0.1452980986201354,0.839,0.1060833929142811,2000.0,2500,light
1,DML-Chang,0.1169738757980858,0.1168368296991077,0.000137046098978,0.0755290646298718,0.9815,0.0914380417627497,2000.0,2500,default
1,TWFE,0.1181434069826056,0.1168368296991077,0.0013065772834978,0.0613846543931839,0.999,0.1098153082535643,2000.0,2500,default
2,DML-Chang,0.0450384866035037,0.0811124767342953,-0.0360739901307915,0.1411766146374719,0.964,0.1494062920068779,2000.0,2500,default
2,TWFE,0.083534405628258,0.0811124767342953,0.0024219288939627,0.0640285410954263,1.0,0.1174301020283402,2000.0,2500,default
3,DML-Multi,-0.0504123815817761,-0.0522472454172156,0.0018348638354394,0.0578729337983422,1.0,,2000.0,2500,default
3,TWFE,0.102011674326743,-0.0522472454172156,0.1542589197439586,0.1998472719191695,0.4303286010524298,0.0677565541876856,2000.0,2500,default
4,DML-Chang,0.1033336920954466,0.1066606847340585,-0.0033269926386119,0.0980457090728438,0.973,0.1065092283677344,2000.0,2500,default
4,TWFE,0.278906252057006,0.1066606847340585,0.1722455673229475,0.1839446719063687,0.6835,0.10332014090794,2000.0,2500,default
5,DML-Chang,0.0612501216066893,0.1244184460356652,-0.0631683244289758,0.1623554918097885,0.9655,0.1713004065881849,2000.0,2500,default
5,TWFE,0.2629897302805411,0.1244184460356652,0.1385712842448758,0.1553975486977173,0.9075,0.1179253567123267,2000.0,2500,default
6,DML-Multi,-0.1142841504898072,-0.1206418935549265,0.0063577430651193,0.0665075747146484,1.0,,2000.0,2500,default
6,TWFE,0.151408074810468,-0.1206418935549265,0.2720499683653947,0.2925989533446668,0.0724574833225439,0.0576681037726528,2000.0,2500,default
7,DML-Chang,-0.924718996645122,-0.9245457847171352,-0.0001732119279866,0.1796536277628976,0.959,0.1852854501019378,2000.0,2500,default
7,TWFE,-0.7604656759591284,-0.9245457847171352,0.1640801087580068,0.1810914809595459,0.8135,0.1199066060602092,2000.0,2500,default
8,DML-Chang,-0.2914982221175881,-0.5717970653400581,0.2802988432224701,0.3489404825188376,0.7295,0.2178162829813386,2000.0,2500,default
8,TWFE,-0.4605827917091125,-0.5717970653400581,0.1112142736309457,0.144685093717067,0.946,0.1334357807663498,2000.0,2500,default
9,DML-Multi,-1.2010546958766084,-1.1892236223787425,-0.0118310734978662,0.1029339328059131,0.9980003801079256,,2000.0,2500,default
9,TWFE,-0.6434786247215347,-1.1892236223787425,0.5457449976572076,0.5546813259818271,0.0,0.0608101198481035,2000.0,2500,default
10,DML-Chang,0.0375910214723618,0.0382032125974066,-0.0006121911250448,0.1230591061109881,0.985,0.1487853629156344,2000.0,2500,default
10,TWFE,0.0401982106201768,0.0382032125974066,0.0019949980227701,0.0642885117787341,0.9885,0.0843790439375407,2000.0,2500,default
11,DML-Chang,0.0566483983526173,0.0486510687062427,0.0079973296463745,0.1507834624260545,0.9765,0.1711397246565485,2000.0,2500,default
11,TWFE,0.1884593356143925,0.0486510687062427,0.1398082669081497,0.1571837783525854,0.674,0.087509352776164,2000.0,2500,default
12,DML-Chang,-0.2913769808621432,-0.6267301744578754,0.3353531935957322,0.3910965562526801,0.647,0.2191748544911542,2000.0,2500,default
12,TWFE,-0.5129330455491995,-0.6267301744578754,0.1137971289086759,0.1452980986201354,0.839,0.1060833929142811,2000.0,2500,default
1,DML-Chang,0.1129493606894386,0.1168368296991077,-0.0038874690096691,0.1381562877440546,0.9775,0.1567471982267845,2000.0,2500,heavy
1,TWFE,0.1181434069826056,0.1168368296991077,0.0013065772834978,0.0613846543931839,0.999,0.1098153082535643,2000.0,2500,heavy
2,DML-Chang,0.0344017440482591,0.0811124767342953,-0.0467107326860361,0.3078905550205031,0.979,0.3502166852825805,2000.0,2500,heavy
2,TWFE,0.083534405628258,0.0811124767342953,0.0024219288939627,0.0640285410954263,1.0,0.1174301020283402,2000.0,2500,heavy
3,DML-Multi,-0.0504713881677424,-0.0522472454172156,0.0017758572494731,0.0867916515488901,1.0,,2000.0,2500,heavy
3,TWFE,0.102011674326743,-0.0522472454172156,0.1542589197439586,0.1998472719191695,0.4303286010524298,0.0677565541876856,2000.0,2500,heavy
4,DML-Chang,0.0976614650812855,0.1066606847340585,-0.0089992196527729,0.2025687419329448,0.979,0.2275477938784736,2000.0,2500,heavy
4,TWFE,0.278906252057006,0.1066606847340585,0.1722455673229475,0.1839446719063687,0.6835,0.10332014090794,2000.0,2500,heavy
5,DML-Chang,0.0601159197550928,0.1244184460356652,-0.0643025262805723,0.3186499077460977,0.9785,0.3694389158966606,2000.0,2500,heavy
5,TWFE,0.2629897302805411,0.1244184460356652,0.1385712842448758,0.1553975486977173,0.9075,0.1179253567123267,2000.0,2500,heavy
6,DML-Multi,-0.1118188629588126,-0.1206418935549265,0.0088230305961139,0.0937344292457305,0.9979952010239784,,2000.0,2500,heavy
6,TWFE,0.151408074810468,-0.1206418935549265,0.2720499683653947,0.2925989533446668,0.0724574833225439,0.0576681037726528,2000.0,2500,heavy
7,DML-Chang,-0.9503693324896928,-0.9245457847171352,-0.0258235477725575,0.3149615976514091,0.977,0.3581252413865548,2000.0,2500,heavy
7,TWFE,-0.7604656759591284,-0.9245457847171352,0.1640801087580068,0.1810914809595459,0.8135,0.1199066060602092,2000.0,2500,heavy
8,DML-Chang,-0.2916675863780653,-0.5717970653400581,0.2801294789619928,0.4439284970934611,0.929,0.4131721891566599,2000.0,2500,heavy
8,TWFE,-0.4605827917091125,-0.5717970653400581,0.1112142736309457,0.144685093717067,0.946,0.1334357807663498,2000.0,2500,heavy
9,DML-Multi,-1.1914662186668066,-1.1892236223787425,-0.0022425962880642,0.1340033993283404,0.9874962957491864,,2000.0,2500,heavy
9,TWFE,-0.6434786247215347,-1.1892236223787425,0.5457449976572076,0.5546813259818271,0.0,0.0608101198481035,2000.0,2500,heavy
10,DML-Chang,0.0363217080317246,0.0382032125974066,-0.001881504565682,0.3001085093124697,0.979,0.3486502532691269,2000.0,2500,heavy
10,TWFE,0.0401982106201768,0.0382032125974066,0.0019949980227701,0.0642885117787341,0.9885,0.0843790439375407,2000.0,2500,heavy
11,DML-Chang,0.0419538231668305,0.0486510687062427,-0.0066972455394122,0.3011224475735303,0.984,0.3695418258333243,2000.0,2500,heavy
11,TWFE,0.1884593356143925,0.0486510687062427,0.1398082669081497,0.1571837783525854,0.674,0.087509352776164,2000.0,2500,heavy
12,DML-Chang,-0.3008552621848638,-0.6267301744578754,0.3258749122730116,0.4653973864811599,0.9215,0.4139409572029345,2000.0,2500,heavy
12,TWFE,-0.5129330455491995,-0.6267301744578754,0.1137971289086759,0.1452980986201354,0.839,0.1060833929142811,2000.0,2500,heavy
1,DML-Chang,0.1179745745189946,0.1174003691905297,0.0005742053284649,0.0316268452183317,0.986,0.039688726159892,2000.0,10000,light
1,TWFE,0.1178798246604655,0.1174003691905297,0.0004794554699357,0.0304734860010597,1.0,0.0549042522739871,2000.0,10000,light
2,DML-Chang,0.0388385019597306,0.0800369789883222,-0.0411984770285916,0.0644260219092001,0.8565,0.0486349611345853,2000.0,10000,light
2,TWFE,0.0795628016756645,0.0800369789883222,-0.0004741773126576,0.0321332420166127,1.0,0.0586784436503723,2000.0,10000,light
3,DML-Multi,-0.0513936157758423,-0.0532465004449697,0.0018528846691274,0.0260847620895688,1.0,,2000.0,10000,light
3,TWFE,0.1012579837310839,-0.0532465004449697,0.1545044841760537,0.1658988645314682,0.0739666408560436,0.0338940121775138,2000.0,10000,light
4,DML-Chang,0.1065711642302332,0.1046693764325578,0.0019017877976753,0.0362004344881638,0.9545,0.0365519015427451,2000.0,10000,light
4,TWFE,0.2760385488956463,0.1046693764325578,0.1713691724630884,0.1743535071526727,0.014,0.0516571829841291,2000.0,10000,light
5,DML-Chang,0.0654607994534619,0.1248987566189935,-0.0594379571655316,0.0788209280598106,0.7695,0.0504545691529531,2000.0,10000,light
5,TWFE,0.2642425111417529,0.1248987566189935,0.1393437545227593,0.1436806309996912,0.2565,0.058967603103327,2000.0,10000,light
6,DML-Multi,-0.106906565410226,-0.1141092328574175,0.0072026674471914,0.0279811214349292,1.0,,2000.0,10000,light
6,TWFE,0.1547600573346631,-0.1141092328574175,0.2688692901920807,0.2740398900350935,0.0,0.0288148709475879,2000.0,10000,light
7,DML-Chang,-0.9045455974062018,-0.9245608435592289,0.020015246153027,0.0587964381552818,0.873,0.0462778693238028,2000.0,10000,light
7,TWFE,-0.7592338188705747,-0.9245608435592289,0.165327024688654,0.1695746621884108,0.1055,0.0599292469187787,2000.0,10000,light
8,DML-Chang,-0.2795482937511271,-0.5701249545347588,0.2905766607836316,0.2993062867122553,0.0085,0.058213471580182,2000.0,10000,light
8,TWFE,-0.4565309996760431,-0.5701249545347588,0.1135939548587156,0.1221850804177741,0.646,0.0667005475955726,2000.0,10000,light
9,DML-Multi,-1.1949953180190318,-1.1891205766230462,-0.0058747413959855,0.0363265590819524,0.9989935026008172,,2000.0,10000,light
9,TWFE,-0.6413122536410301,-1.1891205766230462,0.5478083229820159,0.5500082107898436,0.0,0.0303847221602955,2000.0,10000,light
10,DML-Chang,0.0395193634900044,0.0399949733837799,-0.0004756098937754,0.0433752609799001,0.9735,0.0487025212561684,2000.0,10000,light
10,TWFE,0.04005081380567,0.0399949733837799,5.5840421890180005e-05,0.0326443222755003,0.986,0.0422534129248945,2000.0,10000,light
11,DML-Chang,0.0611379054933221,0.0497606064342272,0.0113772990590949,0.0512479763632462,0.948,0.0504764304168713,2000.0,10000,light
11,TWFE,0.1875711371898091,0.0497606064342272,0.1378105307555819,0.1423087270350654,0.072,0.0437582145480782,2000.0,10000,light
12,DML-Chang,-0.2837431336083314,-0.6266994354578824,0.3429563018495509,0.3500043662582255,0.0005,0.0582869807946203,2000.0,10000,light
12,TWFE,-0.5143887687542722,-0.6266994354578824,0.1123106667036102,0.1213031404603997,0.429,0.0532112993187266,2000.0,10000,light
1,DML-Chang,0.1180269174107576,0.1174003691905297,0.0006265482202278,0.0324938419400883,0.9885,0.0410130910792513,2000.0,10000,default
1,TWFE,0.1178798246604655,0.1174003691905297,0.0004794554699357,0.0304734860010597,1.0,0.0549042522739871,2000.0,10000,default
2,DML-Chang,0.039584393113847,0.0800369789883222,-0.0404525858744752,0.0666558523812985,0.8875,0.0537554925862799,2000.0,10000,default
2,TWFE,0.0795628016756645,0.0800369789883222,-0.0004741773126576,0.0321332420166127,1.0,0.0586784436503723,2000.0,10000,default
3,DML-Multi,-0.051217832699417,-0.0532465004449697,0.0020286677455526,0.0270154993137053,1.0,,2000.0,10000,default
3,TWFE,0.1012579837310839,-0.0532465004449697,0.1545044841760537,0.1658988645314682,0.0739666408560436,0.0338940121775138,2000.0,10000,default
4,DML-Chang,0.1038190079412317,0.1046693764325578,-0.000850368491326,0.040764199116351,0.9635,0.0432441093370433,2000.0,10000,default
4,TWFE,0.2760385488956463,0.1046693764325578,0.1713691724630884,0.1743535071526727,0.014,0.0516571829841291,2000.0,10000,default
5,DML-Chang,0.0655391851636645,0.1248987566189935,-0.059359571455329,0.0835209770354212,0.8365,0.0612288740249519,2000.0,10000,default
5,TWFE,0.2642425111417529,0.1248987566189935,0.1393437545227593,0.1436806309996912,0.2565,0.058967603103327,2000.0,10000,default
6,DML-Multi,-0.1075741101032681,-0.1141092328574175,0.0065351227541494,0.0293389990418896,1.0,,2000.0,10000,default
6,TWFE,0.1547600573346631,-0.1141092328574175,0.2688692901920807,0.2740398900350935,0.0,0.0288148709475879,2000.0,10000,default
7,DML-Chang,-0.9234273746503444,-0.9245608435592289,0.0011334689088841,0.0773000909259273,0.9295,0.0715956603047569,2000.0,10000,default
7,TWFE,-0.7592338188705747,-0.9245608435592289,0.165327024688654,0.1695746621884108,0.1055,0.0599292469187787,2000.0,10000,default
8,DML-Chang,-0.2818136102164051,-0.5701249545347588,0.2883113443183537,0.3008653349523469,0.0745,0.0798424541246941,2000.0,10000,default
8,TWFE,-0.4565309996760431,-0.5701249545347588,0.1135939548587156,0.1221850804177741,0.646,0.0667005475955726,2000.0,10000,default
9,DML-Multi,-1.1939921467539385,-1.1891205766230462,-0.0048715701308921,0.0435519832556649,0.996992835017396,,2000.0,10000,default
9,TWFE,-0.6413122536410301,-1.1891205766230462,0.5478083229820159,0.5500082107898436,0.0,0.0303847221602955,2000.0,10000,default
10,DML-Chang,0.0393917110605455,0.0399949733837799,-0.0006032623232343,0.0472711860881068,0.9755,0.0537884456660419,2000.0,10000,default
10,TWFE,0.04005081380567,0.0399949733837799,5.5840421890180005e-05,0.0326443222755003,0.986,0.0422534129248945,2000.0,10000,default
11,DML-Chang,0.0606886445680308,0.0497606064342272,0.0109280381338036,0.057923949840816,0.964,0.0614814087671183,2000.0,10000,default
11,TWFE,0.1875711371898091,0.0497606064342272,0.1378105307555819,0.1423087270350654,0.072,0.0437582145480782,2000.0,10000,default
12,DML-Chang,-0.2848954295224491,-0.6266994354578824,0.3418040059354333,0.352273272789219,0.017,0.0796811102965088,2000.0,10000,default
12,TWFE,-0.5143887687542722,-0.6266994354578824,0.1123106667036102,0.1213031404603997,0.429,0.0532112993187266,2000.0,10000,default
1,DML-Chang,0.1182252394441461,0.1174003691905297,0.0008248702536164,0.0398355662078139,0.9865,0.0487173213470793,2000.0,10000,heavy
1,TWFE,0.1178798246604655,0.1174003691905297,0.0004794554699357,0.0304734860010597,1.0,0.0549042522739871,2000.0,10000,heavy
2,DML-Chang,0.0390517200271224,0.0800369789883222,-0.0409852589611997,0.0868840078569607,0.947,0.0853763955878765,2000.0,10000,heavy
2,TWFE,0.0795628016756645,0.0800369789883222,-0.0004741773126576,0.0321332420166127,1.0,0.0586784436503723,2000.0,10000,heavy
3,DML-Multi,-0.0512720551973319,-0.0532465004449697,0.0019744452476378,0.0316288388735312,1.0,,2000.0,10000,heavy
3,TWFE,0.1012579837310839,-0.0532465004449697,0.1545044841760537,0.1658988645314682,0.0739666408560436,0.0338940121775138,2000.0,10000,heavy
4,DML-Chang,0.1026183167652938,0.1046693764325578,-0.0020510596672639,0.0591739812069053,0.9825,0.0665564159858223,2000.0,10000,heavy
4,TWFE,0.2760385488956463,0.1046693764325578,0.1713691724630884,0.1743535071526727,0.014,0.0516571829841291,2000.0,10000,heavy
5,DML-Chang,0.0669819741928429,0.1248987566189935,-0.0579167824261505,0.1024492861953343,0.9465,0.1001295646984686,2000.0,10000,heavy
5,TWFE,0.2642425111417529,0.1248987566189935,0.1393437545227593,0.1436806309996912,0.2565,0.058967603103327,2000.0,10000,heavy
6,DML-Multi,-0.1066022518124761,-0.1141092328574175,0.0075069810449414,0.03558072292868,0.9994992899597438,,2000.0,10000,heavy
6,TWFE,0.1547600573346631,-0.1141092328574175,0.2688692901920807,0.2740398900350935,0.0,0.0288148709475879,2000.0,10000,heavy
7,DML-Chang,-0.9287850494120514,-0.9245608435592289,-0.0042242058528226,0.1028477441313611,0.9635,0.1101070065949435,2000.0,10000,heavy
7,TWFE,-0.7592338188705747,-0.9245608435592289,0.165327024688654,0.1695746621884108,0.1055,0.0599292469187787,2000.0,10000,heavy
8,DML-Chang,-0.2841881971365789,-0.5701249545347588,0.2859367573981798,0.3077213866042345,0.3455,0.1222195185737597,2000.0,10000,heavy
8,TWFE,-0.4565309996760431,-0.5701249545347588,0.1135939548587156,0.1221850804177741,0.646,0.0667005475955726,2000.0,10000,heavy
9,DML-Multi,-1.193830293438133,-1.1891205766230462,-0.004709716815087,0.0580697610486301,0.9944967147127844,,2000.0,10000,heavy
9,TWFE,-0.6413122536410301,-1.1891205766230462,0.5478083229820159,0.5500082107898436,0.0,0.0303847221602955,2000.0,10000,heavy
10,DML-Chang,0.0402287198329873,0.0399949733837799,0.0002337464492074,0.0711903911521074,0.9815,0.0853559024448285,2000.0,10000,heavy
10,TWFE,0.04005081380567,0.0399949733837799,5.5840421890180005e-05,0.0326443222755003,0.986,0.0422534129248945,2000.0,10000,heavy
11,DML-Chang,0.0588539922338021,0.0497606064342272,0.0090933857995748,0.0860465516551829,0.9795,0.1001894923655898,2000.0,10000,heavy
11,TWFE,0.1875711371898091,0.0497606064342272,0.1378105307555819,0.1423087270350654,0.072,0.0437582145480782,2000.0,10000,heavy
12,DML-Chang,-0.2900032890437565,-0.6266994354578824,0.3366961464141259,0.3559674424042827,0.197,0.1221597731013445,2000.0,10000,heavy
12,TWFE,-0.5143887687542722,-0.6266994354578824,0.1123106667036102,0.1213031404603997,0.429,0.0532112993187266,2000.0,10000,heavy
